uid,fname,lname,start_date,end_date,email,password,oauth
1,Fname1,Lname1,1972-11-21,NULL,user1@gmail.com,pass1,0
2,Fname2,Lname2,1999-1-4,NULL,user2@gmail.com,pass2,1
3,Fname3,Lname3,1975-4-10,NULL,user3@gmail.com,pass3,1
4,Fname4,Lname4,2017-11-17,NULL,user4@gmail.com,pass4,1
5,Fname5,Lname5,2013-12-29,NULL,user5@gmail.com,pass5,1
6,Fname6,Lname6,1996-1-22,NULL,user6@gmail.com,pass6,1
7,Fname7,Lname7,2001-4-10,NULL,user7@gmail.com,pass7,1
8,Fname8,Lname8,1968-9-5,NULL,user8@gmail.com,pass8,1
9,Fname9,Lname9,2008-3-18,NULL,user9@gmail.com,pass9,1
10,Fname10,Lname10,1965-12-20,NULL,user10@gmail.com,pass10,1
11,Fname11,Lname11,1973-8-27,NULL,user11@gmail.com,pass11,1
12,Fname12,Lname12,2011-3-4,NULL,user12@gmail.com,pass12,1
13,Fname13,Lname13,2002-5-27,NULL,user13@gmail.com,pass13,1
14,Fname14,Lname14,2016-7-17,NULL,user14@gmail.com,pass14,0
15,Fname15,Lname15,2018-12-14,NULL,user15@gmail.com,pass15,0
16,Fname16,Lname16,1976-5-26,NULL,user16@gmail.com,pass16,1
17,Fname17,Lname17,2017-5-29,NULL,user17@gmail.com,pass17,1
18,Fname18,Lname18,2020-4-4,NULL,user18@gmail.com,pass18,0
19,Fname19,Lname19,1988-10-3,NULL,user19@gmail.com,pass19,1
20,Fname20,Lname20,1963-12-18,NULL,user20@gmail.com,pass20,1
21,Fname21,Lname21,2018-4-16,NULL,user21@gmail.com,pass21,0
22,Fname22,Lname22,1980-5-1,NULL,user22@gmail.com,pass22,1
23,Fname23,Lname23,2015-8-22,NULL,user23@gmail.com,pass23,1
24,Fname24,Lname24,2018-12-31,NULL,user24@gmail.com,pass24,1
25,Fname25,Lname25,1982-7-10,NULL,user25@gmail.com,pass25,1
26,Fname26,Lname26,1986-2-2,NULL,user26@gmail.com,pass26,1
27,Fname27,Lname27,2015-4-14,NULL,user27@gmail.com,pass27,0
28,Fname28,Lname28,1961-4-17,NULL,user28@gmail.com,pass28,1
29,Fname29,Lname29,2013-2-4,NULL,user29@gmail.com,pass29,0
30,Fname30,Lname30,1978-10-23,NULL,user30@gmail.com,pass30,1
31,Fname31,Lname31,1974-4-11,NULL,user31@gmail.com,pass31,1
32,Fname32,Lname32,2001-6-7,NULL,user32@gmail.com,pass32,1
33,Fname33,Lname33,1997-11-1,NULL,user33@gmail.com,pass33,1
34,Fname34,Lname34,1981-9-21,NULL,user34@gmail.com,pass34,1
35,Fname35,Lname35,1978-5-17,NULL,user35@gmail.com,pass35,1
36,Fname36,Lname36,1996-5-20,NULL,user36@gmail.com,pass36,1
37,Fname37,Lname37,2003-3-2,NULL,user37@gmail.com,pass37,1
38,Fname38,Lname38,1986-6-20,NULL,user38@gmail.com,pass38,1
39,Fname39,Lname39,2009-6-21,NULL,user39@gmail.com,pass39,0
40,Fname40,Lname40,1977-7-17,NULL,user40@gmail.com,pass40,1
41,Fname41,Lname41,1981-12-23,NULL,user41@gmail.com,pass41,1
42,Fname42,Lname42,2020-11-25,NULL,user42@gmail.com,pass42,1
43,Fname43,Lname43,2016-7-30,NULL,user43@gmail.com,pass43,1
44,Fname44,Lname44,1990-12-16,NULL,user44@gmail.com,pass44,1
45,Fname45,Lname45,1986-4-26,NULL,user45@gmail.com,pass45,1
46,Fname46,Lname46,1983-8-14,NULL,user46@gmail.com,pass46,1
47,Fname47,Lname47,1973-4-18,NULL,user47@gmail.com,pass47,1
48,Fname48,Lname48,2014-6-12,NULL,user48@gmail.com,pass48,1
49,Fname49,Lname49,2005-6-29,NULL,user49@gmail.com,pass49,1
50,Fname50,Lname50,1970-2-20,NULL,user50@gmail.com,pass50,1
51,Fname51,Lname51,1979-10-30,NULL,user51@gmail.com,pass51,1
52,Fname52,Lname52,2015-10-13,NULL,user52@gmail.com,pass52,1
53,Fname53,Lname53,1964-9-26,NULL,user53@gmail.com,pass53,0
54,Fname54,Lname54,2013-11-26,NULL,user54@gmail.com,pass54,1
55,Fname55,Lname55,1989-8-29,NULL,user55@gmail.com,pass55,1
56,Fname56,Lname56,1997-8-28,NULL,user56@gmail.com,pass56,1
57,Fname57,Lname57,1979-10-27,NULL,user57@gmail.com,pass57,1
58,Fname58,Lname58,1960-10-24,NULL,user58@gmail.com,pass58,0
59,Fname59,Lname59,2002-12-18,NULL,user59@gmail.com,pass59,1
60,Fname60,Lname60,2003-2-27,NULL,user60@gmail.com,pass60,1
61,Fname61,Lname61,1981-11-10,NULL,user61@gmail.com,pass61,0
62,Fname62,Lname62,2016-5-7,NULL,user62@gmail.com,pass62,1
63,Fname63,Lname63,2018-4-16,NULL,user63@gmail.com,pass63,1
64,Fname64,Lname64,1969-9-11,NULL,user64@gmail.com,pass64,1
65,Fname65,Lname65,1966-1-11,NULL,user65@gmail.com,pass65,1
66,Fname66,Lname66,1969-7-21,NULL,user66@gmail.com,pass66,1
67,Fname67,Lname67,1968-3-22,NULL,user67@gmail.com,pass67,1
68,Fname68,Lname68,1993-7-11,NULL,user68@gmail.com,pass68,0
69,Fname69,Lname69,1981-10-23,NULL,user69@gmail.com,pass69,1
70,Fname70,Lname70,1960-2-9,NULL,user70@gmail.com,pass70,1
71,Fname71,Lname71,1994-10-4,NULL,user71@gmail.com,pass71,1
72,Fname72,Lname72,2020-11-28,NULL,user72@gmail.com,pass72,1
73,Fname73,Lname73,2019-9-4,NULL,user73@gmail.com,pass73,1
74,Fname74,Lname74,1997-6-12,NULL,user74@gmail.com,pass74,1
75,Fname75,Lname75,1960-4-27,NULL,user75@gmail.com,pass75,0
76,Fname76,Lname76,1965-4-29,NULL,user76@gmail.com,pass76,1
77,Fname77,Lname77,1971-12-11,NULL,user77@gmail.com,pass77,1
78,Fname78,Lname78,1968-1-19,NULL,user78@gmail.com,pass78,1
79,Fname79,Lname79,1992-12-30,NULL,user79@gmail.com,pass79,1
80,Fname80,Lname80,1990-2-10,NULL,user80@gmail.com,pass80,0
81,Fname81,Lname81,1979-9-4,NULL,user81@gmail.com,pass81,1
82,Fname82,Lname82,2020-12-2,NULL,user82@gmail.com,pass82,1
83,Fname83,Lname83,2007-11-1,NULL,user83@gmail.com,pass83,1
84,Fname84,Lname84,1996-7-20,NULL,user84@gmail.com,pass84,1
85,Fname85,Lname85,1990-8-20,NULL,user85@gmail.com,pass85,1
86,Fname86,Lname86,2005-12-16,NULL,user86@gmail.com,pass86,1
87,Fname87,Lname87,2001-5-5,NULL,user87@gmail.com,pass87,1
88,Fname88,Lname88,1974-5-6,NULL,user88@gmail.com,pass88,1
89,Fname89,Lname89,2005-3-3,NULL,user89@gmail.com,pass89,1
90,Fname90,Lname90,1993-10-9,NULL,user90@gmail.com,pass90,0
91,Fname91,Lname91,1986-8-11,NULL,user91@gmail.com,pass91,0
92,Fname92,Lname92,2001-9-23,NULL,user92@gmail.com,pass92,1
93,Fname93,Lname93,1996-10-8,NULL,user93@gmail.com,pass93,0
94,Fname94,Lname94,2020-9-9,NULL,user94@gmail.com,pass94,1
95,Fname95,Lname95,2005-10-18,NULL,user95@gmail.com,pass95,0
96,Fname96,Lname96,1981-10-7,NULL,user96@gmail.com,pass96,0
97,Fname97,Lname97,1974-1-25,NULL,user97@gmail.com,pass97,1
98,Fname98,Lname98,1974-10-3,NULL,user98@gmail.com,pass98,1
99,Fname99,Lname99,1964-3-6,NULL,user99@gmail.com,pass99,1
100,Fname100,Lname100,1991-7-1,NULL,user100@gmail.com,pass100,1
101,Fname101,Lname101,1960-8-1,NULL,user101@gmail.com,pass101,1
102,Fname102,Lname102,2016-12-25,NULL,user102@gmail.com,pass102,1
103,Fname103,Lname103,1979-6-22,NULL,user103@gmail.com,pass103,0
104,Fname104,Lname104,2001-11-11,NULL,user104@gmail.com,pass104,1
105,Fname105,Lname105,2017-12-2,NULL,user105@gmail.com,pass105,1
106,Fname106,Lname106,1960-3-2,NULL,user106@gmail.com,pass106,1
107,Fname107,Lname107,1979-4-9,NULL,user107@gmail.com,pass107,1
108,Fname108,Lname108,1975-7-6,NULL,user108@gmail.com,pass108,1
109,Fname109,Lname109,1991-8-31,NULL,user109@gmail.com,pass109,1
110,Fname110,Lname110,1985-4-11,NULL,user110@gmail.com,pass110,1
111,Fname111,Lname111,1978-1-19,NULL,user111@gmail.com,pass111,1
112,Fname112,Lname112,1974-1-27,NULL,user112@gmail.com,pass112,0
113,Fname113,Lname113,2002-3-20,NULL,user113@gmail.com,pass113,1
114,Fname114,Lname114,2005-8-3,NULL,user114@gmail.com,pass114,1
115,Fname115,Lname115,1961-7-29,NULL,user115@gmail.com,pass115,0
116,Fname116,Lname116,1972-12-24,NULL,user116@gmail.com,pass116,1
117,Fname117,Lname117,1962-5-20,NULL,user117@gmail.com,pass117,1
118,Fname118,Lname118,1969-3-22,NULL,user118@gmail.com,pass118,1
119,Fname119,Lname119,1964-5-31,NULL,user119@gmail.com,pass119,1
120,Fname120,Lname120,2011-7-24,NULL,user120@gmail.com,pass120,1
121,Fname121,Lname121,2014-9-29,NULL,user121@gmail.com,pass121,0
122,Fname122,Lname122,2004-4-18,NULL,user122@gmail.com,pass122,0
123,Fname123,Lname123,2002-7-8,NULL,user123@gmail.com,pass123,1
124,Fname124,Lname124,1966-8-31,NULL,user124@gmail.com,pass124,1
125,Fname125,Lname125,1964-7-8,NULL,user125@gmail.com,pass125,1
126,Fname126,Lname126,2003-10-3,NULL,user126@gmail.com,pass126,0
127,Fname127,Lname127,2008-7-5,NULL,user127@gmail.com,pass127,1
128,Fname128,Lname128,1982-1-1,NULL,user128@gmail.com,pass128,1
129,Fname129,Lname129,1965-9-26,NULL,user129@gmail.com,pass129,0
130,Fname130,Lname130,1986-6-1,NULL,user130@gmail.com,pass130,1
131,Fname131,Lname131,1975-8-31,NULL,user131@gmail.com,pass131,0
132,Fname132,Lname132,1994-2-23,NULL,user132@gmail.com,pass132,1
133,Fname133,Lname133,1972-8-12,NULL,user133@gmail.com,pass133,0
134,Fname134,Lname134,2004-8-21,NULL,user134@gmail.com,pass134,1
135,Fname135,Lname135,1981-1-12,NULL,user135@gmail.com,pass135,0
136,Fname136,Lname136,2002-12-15,NULL,user136@gmail.com,pass136,1
137,Fname137,Lname137,2009-11-31,NULL,user137@gmail.com,pass137,1
138,Fname138,Lname138,1968-2-18,NULL,user138@gmail.com,pass138,1
139,Fname139,Lname139,2009-12-28,NULL,user139@gmail.com,pass139,1
140,Fname140,Lname140,1980-4-11,NULL,user140@gmail.com,pass140,1
141,Fname141,Lname141,1972-1-5,NULL,user141@gmail.com,pass141,0
142,Fname142,Lname142,2007-4-15,NULL,user142@gmail.com,pass142,1
143,Fname143,Lname143,1967-9-15,NULL,user143@gmail.com,pass143,1
144,Fname144,Lname144,1983-9-17,NULL,user144@gmail.com,pass144,1
145,Fname145,Lname145,1974-1-25,NULL,user145@gmail.com,pass145,1
146,Fname146,Lname146,1999-3-24,NULL,user146@gmail.com,pass146,1
147,Fname147,Lname147,1988-5-23,NULL,user147@gmail.com,pass147,1
148,Fname148,Lname148,1976-4-10,NULL,user148@gmail.com,pass148,1
149,Fname149,Lname149,2000-12-9,NULL,user149@gmail.com,pass149,0
150,Fname150,Lname150,1966-5-24,NULL,user150@gmail.com,pass150,1
151,Fname151,Lname151,1980-5-8,NULL,user151@gmail.com,pass151,1
152,Fname152,Lname152,2007-6-5,NULL,user152@gmail.com,pass152,1
153,Fname153,Lname153,2000-4-15,NULL,user153@gmail.com,pass153,1
154,Fname154,Lname154,2014-1-21,NULL,user154@gmail.com,pass154,1
155,Fname155,Lname155,1997-5-7,NULL,user155@gmail.com,pass155,1
156,Fname156,Lname156,2016-2-16,NULL,user156@gmail.com,pass156,1
157,Fname157,Lname157,1962-9-4,NULL,user157@gmail.com,pass157,0
158,Fname158,Lname158,2005-3-19,NULL,user158@gmail.com,pass158,1
159,Fname159,Lname159,2011-7-25,NULL,user159@gmail.com,pass159,0
160,Fname160,Lname160,2009-3-31,NULL,user160@gmail.com,pass160,1
161,Fname161,Lname161,1969-3-2,NULL,user161@gmail.com,pass161,0
162,Fname162,Lname162,2000-12-29,NULL,user162@gmail.com,pass162,0
163,Fname163,Lname163,2011-4-13,NULL,user163@gmail.com,pass163,1
164,Fname164,Lname164,1968-7-23,NULL,user164@gmail.com,pass164,1
165,Fname165,Lname165,2007-12-25,NULL,user165@gmail.com,pass165,1
166,Fname166,Lname166,1985-2-5,NULL,user166@gmail.com,pass166,1
167,Fname167,Lname167,1995-1-26,NULL,user167@gmail.com,pass167,1
168,Fname168,Lname168,2016-1-20,NULL,user168@gmail.com,pass168,1
169,Fname169,Lname169,1995-12-19,NULL,user169@gmail.com,pass169,1
170,Fname170,Lname170,1976-8-22,NULL,user170@gmail.com,pass170,1
171,Fname171,Lname171,2011-4-14,NULL,user171@gmail.com,pass171,1
172,Fname172,Lname172,1974-12-3,NULL,user172@gmail.com,pass172,1
173,Fname173,Lname173,2007-11-19,NULL,user173@gmail.com,pass173,1
174,Fname174,Lname174,1977-4-19,NULL,user174@gmail.com,pass174,1
175,Fname175,Lname175,2013-2-15,NULL,user175@gmail.com,pass175,1
176,Fname176,Lname176,2009-12-7,NULL,user176@gmail.com,pass176,1
177,Fname177,Lname177,1965-2-7,NULL,user177@gmail.com,pass177,0
178,Fname178,Lname178,1961-1-12,NULL,user178@gmail.com,pass178,1
179,Fname179,Lname179,1996-10-31,NULL,user179@gmail.com,pass179,1
180,Fname180,Lname180,1992-2-1,NULL,user180@gmail.com,pass180,1
181,Fname181,Lname181,1970-3-29,NULL,user181@gmail.com,pass181,0
182,Fname182,Lname182,1991-4-27,NULL,user182@gmail.com,pass182,1
183,Fname183,Lname183,2000-6-8,NULL,user183@gmail.com,pass183,1
184,Fname184,Lname184,2014-7-23,NULL,user184@gmail.com,pass184,0
185,Fname185,Lname185,1991-2-10,NULL,user185@gmail.com,pass185,1
186,Fname186,Lname186,1965-9-13,NULL,user186@gmail.com,pass186,1
187,Fname187,Lname187,2020-5-5,NULL,user187@gmail.com,pass187,1
188,Fname188,Lname188,1979-10-6,NULL,user188@gmail.com,pass188,1
189,Fname189,Lname189,1997-9-15,NULL,user189@gmail.com,pass189,0
190,Fname190,Lname190,1973-10-18,NULL,user190@gmail.com,pass190,1
191,Fname191,Lname191,1961-5-14,NULL,user191@gmail.com,pass191,1
192,Fname192,Lname192,2001-11-3,NULL,user192@gmail.com,pass192,1
193,Fname193,Lname193,1989-5-4,NULL,user193@gmail.com,pass193,1
194,Fname194,Lname194,2008-10-4,NULL,user194@gmail.com,pass194,1
195,Fname195,Lname195,1983-4-29,NULL,user195@gmail.com,pass195,0
196,Fname196,Lname196,1990-5-11,NULL,user196@gmail.com,pass196,1
197,Fname197,Lname197,1974-1-23,NULL,user197@gmail.com,pass197,1
198,Fname198,Lname198,1967-7-7,NULL,user198@gmail.com,pass198,1
199,Fname199,Lname199,1998-1-17,NULL,user199@gmail.com,pass199,1
200,Fname200,Lname200,1993-3-21,NULL,user200@gmail.com,pass200,1